Adolescent Epilepsy Care,Address
Adolescent Transitional Cardiac Care,"Address757 Westwood PlazaLos Angeles, California 90095"
Adult Asthma Care
Adult Congenital Heart Disease
Adult Epilepsy
Adult Intestinal and Multivisceral Transplant
Advanced Heart Failure
Allergy & Immunology
Alzheimer's Care
Anesthesiology & Perioperative Medicine Services
Aortic Care
Arrhythmia Care
Audiology
Bariatric Surgery
Behavioral Health
Behavioral Neurology
Bladder Cancer
Bone Marrow/Stem Cell Transplant (BMT)
Brain Tumor
Breast Cancer
Breast Imaging
Burn Treatment
Cancer Genetics
Cancer Services
Cardiac Rehabilitation
Cardio-Oncology
Cataract Surgery
Celiac Disease
Cerebral Palsy
Cerebrovascular Neurosurgery
Child Life Specialists
Chimeric Antigen Receptor (CAR) T-cell Therapy
Chronic Obstructive Pulmonary Disease (COPD)
Chronic Pelvic Pain
Clinical Genetics
Clinical Nutrition
Colorectal Cancer
Colorectal Surgery
Complex Airway Surgery for Adults
"Complex Pediatric Airway Reconstruction, Swallowing and Tracheostomy"
Comprehensive Menopause Care
Comprehensive Ophthalmology
Connective Tissue Disease-Interstitial Lung Disease (CTD-ILD)
Contact Lenses
Corneal Disorders & Uveitis
Corneal Transplant
Cystic Fibrosis
Dementia Services
Dermatology
Diabetes
Digestive Diseases
Digestive Diseases Nutrition
Dry Eye
East-West Medicine
Eating Disorders
Emergency Medicine
Endocrine Surgery
Endocrinology
Epilepsy Surgery
Esophageal Cancer
Esophageal Health
Extensivist Medicine
Extracorporeal Membrane Oxygenation (ECMO)
Facial Plastic Surgery and Rejuvenation
Family Planning
Fertility & Reproductive Health
Fibroid Care
Food Allergy
Foot and Ankle Surgery
Gastrointestinal Cancer
Gender Health
General Neurology
General Orthopedics
General Pediatrics
General Surgery
Genetic Heart Disease
Geriatric Medicine
GI Motility
Glaucoma Care
Gout Care
Gynecologic Oncology
Gynecology
Hand Surgery
Hand Transplant
Head & Neck Cancer
Head & Neck Surgery
Heart & Vascular Services
Heart and Liver Disease
Heart Surgery
Heart Transplant
Hepatology
Hereditary Hemorrhagic Telangiectasia
Hernia Care
Hospitalists
Hyperbaric Oxygen Therapy
Hyperthermic Intraperitoneal Chemotherapy (HIPEC)
IBS and Other Disorders of the Gut-Brain Interactions
Immunology
Infectious Diseases
Inflammatory Bowel Diseases (IBD)
Insurance-Based Weight Loss
Integrative Medicine
Integrative Oncology
Internal Medicine-Pediatrics
Interstitial Lung Disease (ILD)
Interventional Cardiology
Interventional Endoscopy
Interventional Neuroradiology
Interventional Oncology
Interventional Radiology
Interventional Radiology for Varicose Veins
Islet Cell Transplant
IVC Filter Clinic
Joint Replacement
Kidney Cancer
Kidney Exchange
Kidney Health
Kidney Stones & Urinary Obstruction
Kidney Transplant
Labor & Delivery
Leukemia & Lymphoma
Liver Cancer
Liver Disease in Asians
Liver Transplant
Long COVID
Lung Cancer
Lung Transplant
Lupus Care
Maternal-Fetal Medicine
Mesothelioma
Migraine Treatment
Minimally Invasive Gynecologic Surgery
Minimally Invasive Urology Surgery
Monkeypox
Multidisciplinary Complex Amputation
Multiple Sclerosis
Music Therapy
Myositis Care
Neonatology & Developmental Biology
Nephrology
Neuro-Infectious Diseases
Neuro-Oncology
Neuro-ophthalmology
Neuro-Otology
Neuro-Rehabilitation
Neurocritical Care
Neurogenetics
Neurology
Neuromodulation
Neuromuscular Disorders & Diseases
Neurosurgery
Neurotrauma
Nuclear Medicine
Nurse Midwives
Obesity and Metabolic Health
Obstetrics and Gynecology (OB/GYN)
Ophthalmic Oncology
Ophthalmology
Optometry
Orbital and Ophthalmic Plastic Surgery
Orthopedic Oncology
Orthopedic Surgery
Orthopedic Trauma
Orthopedics & Sports Medicine
Outpatient Nutrition Services
Pain Management
Palliative Care
Pancreas Transplant
Pancreatic Cancer
Pancreatic Diseases
Pathology & Laboratory Medicine
Pediatric Brain Tumors
Pediatric Cancer
Pediatric Cardiology
Pediatric Congenital Heart Disease
Pediatric Craniofacial Specialty Care
Pediatric Critical Care
Pediatric Endocrinology
Pediatric Gastroenterology
Pediatric Heart Transplant
Pediatric Hematology Oncology
Pediatric Hospital Medicine
Pediatric Imaging
Pediatric Infectious Diseases
Pediatric Inflammatory Bowel Disease (IBD)
Pediatric Intestinal and Multivisceral Transplant
Pediatric Liver Transplant
Pediatric Medical Home
Pediatric Nephrology
Pediatric Neurology
Pediatric Neurosurgery
Pediatric Ophthalmology & Strabismus
Pediatric Orthopedics
Pediatric Palliative Care
Pediatric Rheumatology
Pediatric Surgery
Pediatric Urology
Pelvic Health Physical Therapy
Peripheral Nerve Disorders
Pharmaceutical Services
Physical Medicine and Rehabilitation (Physiatry)
Pituitary & Skull Base Tumor Treatment
Plastic Surgery
Polycystic ovary syndrome (PCOS)
Precision Medicine
Preventative Cardiology & Cardiometabolic Health
Primary Care
Primary Care at Home Program
Prostate Cancer
Prostate Imaging and Treatment
Psychiatry
Pulmonary Rehabilitation
Pulmonary Vascular Disease (PVD)
Pulmonology & Critical Care
Radiation Oncology
Radiology
Rape Treatment Center
Refractive Surgery & Vision Correction
Rehabilitation Services & Care
Reproductive Genetics
Respiratory Care
Retina Disease Care
Retinal Disorders & Ophthalmic Genetics
Rheumatology
Robotic Surgery
Sarcoma
Scleroderma Care
Second Opinion
Shoulder and Elbow Surgery
Sickle Cell Disease Care
Skeletal Dysplasia
Skin Cancer
Sleep Medicine
Small Bowel Endoscopy
South Asian Heart Health
Speech Pathology
Spine Care
Sports Cardiology
Sports Concussion and Traumatic Brain Injury
Sports Medicine
Stomach Cancer
Stroke
Surgery
Surgical Oncology
Testicular Cancer
The Men's Clinic at UCLA
Theranostics
Thoracic Surgery
Thyroid Care
Transcranial Magnetic Stimulation (TMS)
Transplant Services
Tumor-Infiltrating Lymphocyte (TIL) Therapy
UCLA Health Well Check
UCLA Levine Family Center for Movement Disorders
Urogynecology & Pelvic Health
Urologic Oncology
Urology
Vascular and Endovascular Surgery
Vascular Surgery for Varicose Veins
Vasculitis Care
Vision Rehabilitation
Von Hippel-Lindau (VHL) Disease
Walter and Shirley Wang Center for Integrative Digestive Health
Weight Management
Women's Health & OBGYN Services
Womenâ€™s Cardiovascular Services
